Ngày,Open,High,Low,Close,Volume,
30/12/2022,"76,200.00","76,900.00","76,000.00","76,900.00",628.60K,
29/12/2022,"76,500.00","77,000.00","76,200.00","76,200.00",655.30K,
28/12/2022,"77,000.00","77,000.00","76,000.00","76,700.00",589.20K,
27/12/2022,"76,400.00","77,500.00","76,000.00","76,500.00",805.20K,
26/12/2022,"77,700.00","78,100.00","76,400.00","76,400.00",832.50K,
23/12/2022,"76,400.00","78,000.00","76,200.00","78,000.00",1.22M,
22/12/2022,"77,200.00","77,500.00","76,000.00","77,200.00",657.80K,
21/12/2022,"77,200.00","77,400.00","75,700.00","77,200.00",544.10K,
20/12/2022,"77,200.00","77,200.00","75,400.00","76,600.00",785.80K,
19/12/2022,"78,300.00","78,300.00","76,600.00","76,600.00",1.03M,
16/12/2022,"77,000.00","78,000.00","76,400.00","77,900.00",910.90K,
15/12/2022,"76,400.00","78,100.00","76,400.00","77,700.00",1.17M,
14/12/2022,"77,200.00","77,500.00","76,100.00","76,300.00",1.16M,
13/12/2022,"76,200.00","77,300.00","75,200.00","77,200.00",899.70K,
12/12/2022,"77,600.00","78,200.00","76,400.00","77,000.00",1.21M,
9/12/2022,"76,300.00","78,000.00","76,200.00","78,000.00",987.50K,
8/12/2022,"76,900.00","78,800.00","75,600.00","77,000.00",1.27M,
7/12/2022,"75,900.00","76,600.00","74,800.00","76,500.00",1.03M,
6/12/2022,"78,300.00","78,900.00","76,000.00","76,000.00",1.54M,
5/12/2022,"78,000.00","79,000.00","77,400.00","78,300.00",1.22M,
2/12/2022,"74,700.00","77,700.00","74,000.00","77,400.00",2.90M,
1/12/2022,"75,100.00","75,800.00","74,100.00","74,700.00",1.78M,
30/11/2022,"74,500.00","74,900.00","73,500.00","74,600.00",911.50K,
29/11/2022,"74,900.00","74,900.00","73,000.00","74,300.00",1.14M,
28/11/2022,"72,400.00","74,500.00","72,300.00","74,300.00",1.15M,
25/11/2022,"70,600.00","72,000.00","70,500.00","72,000.00",1.27M,
24/11/2022,"69,800.00","71,000.00","69,400.00","70,500.00",788.40K,
23/11/2022,"70,000.00","71,000.00","69,700.00","70,500.00",465.90K,
22/11/2022,"70,000.00","72,000.00","69,100.00","70,500.00",1.18M,
21/11/2022,"69,500.00","71,800.00","69,500.00","70,100.00",840.50K,
18/11/2022,"70,100.00","72,000.00","69,200.00","71,500.00",1.26M,
17/11/2022,"69,300.00","72,000.00","64,500.00","71,000.00",1.55M,
16/11/2022,"61,300.00","70,000.00","61,300.00","69,300.00",3.05M,
15/11/2022,"70,000.00","70,000.00","65,900.00","65,900.00",3.11M,
14/11/2022,"72,000.00","72,400.00","70,000.00","70,800.00",1.64M,
11/11/2022,"73,100.00","73,600.00","72,000.00","72,800.00",1.00M,
10/11/2022,"73,500.00","73,700.00","69,100.00","73,000.00",1.60M,
9/11/2022,"73,300.00","74,300.00","73,300.00","74,000.00",697.70K,
8/11/2022,"71,500.00","73,900.00","71,400.00","73,300.00",945.00K,
7/11/2022,"72,600.00","74,000.00","72,600.00","72,600.00",1.57M,
4/11/2022,"74,000.00","74,000.00","71,500.00","72,900.00",1.65M,
3/11/2022,"74,500.00","75,700.00","73,700.00","74,100.00",622.40K,
2/11/2022,"75,200.00","76,000.00","74,000.00","74,000.00",978.20K,
1/11/2022,"76,300.00","76,800.00","75,000.00","75,500.00",561.50K,
31/10/2022,"75,000.00","76,000.00","73,700.00","75,600.00",1.08M,
28/10/2022,"76,300.00","76,300.00","74,700.00","75,000.00",875.80K,
27/10/2022,"74,100.00","76,200.00","73,700.00","75,800.00",935.90K,
26/10/2022,"74,500.00","74,500.00","72,700.00","73,800.00",625.10K,
25/10/2022,"71,400.00","74,500.00","71,100.00","73,200.00",1.56M,
24/10/2022,"73,900.00","74,500.00","71,000.00","71,100.00",1.43M,
21/10/2022,"77,700.00","77,700.00","73,900.00","73,900.00",1.56M,
20/10/2022,"75,800.00","78,500.00","75,300.00","77,800.00",1.73M,
19/10/2022,"74,900.00","76,200.00","74,700.00","75,500.00",1.02M,
18/10/2022,"74,000.00","75,300.00","74,000.00","74,900.00",879.00K,
17/10/2022,"73,500.00","73,900.00","72,600.00","73,800.00",707.40K,
14/10/2022,"74,400.00","74,500.00","73,600.00","74,000.00",844.20K,
13/10/2022,"72,200.00","73,000.00","71,500.00","73,000.00",829.20K,
12/10/2022,"71,000.00","73,300.00","71,000.00","72,400.00",1.46M,
11/10/2022,"74,000.00","74,000.00","71,000.00","71,000.00",1.59M,
10/10/2022,"73,500.00","75,500.00","72,100.00","74,000.00",1.63M,
7/10/2022,"76,200.00","76,200.00","74,000.00","74,000.00",2.06M,
6/10/2022,"78,900.00","78,900.00","76,500.00","76,500.00",1.27M,
5/10/2022,"79,000.00","79,500.00","78,400.00","78,400.00",971.90K,
4/10/2022,"78,000.00","79,000.00","77,200.00","77,500.00",2.04M,
3/10/2022,"79,600.00","80,300.00","76,400.00","77,000.00",1.25M,
30/09/2022,"77,000.00","80,800.00","76,900.00","80,500.00",2.11M,
29/09/2022,"79,800.00","80,100.00","77,000.00","77,000.00",1.30M,
28/09/2022,"80,100.00","80,400.00","78,000.00","78,000.00",2.05M,
27/09/2022,"82,000.00","82,000.00","80,500.00","80,500.00",932.90K,
26/09/2022,"81,500.00","82,000.00","80,300.00","81,500.00",1.86M,
23/09/2022,"83,100.00","83,100.00","82,100.00","82,400.00",840.60K,
22/09/2022,"82,000.00","83,000.00","81,900.00","82,900.00",1.17M,
21/09/2022,"83,300.00","83,300.00","82,300.00","82,300.00",775.40K,
20/09/2022,"83,100.00","83,800.00","82,300.00","83,400.00",575.00K,
19/09/2022,"82,500.00","83,600.00","81,900.00","83,100.00",1.78M,
16/09/2022,"83,700.00","83,900.00","82,500.00","82,500.00",1.36M,
15/09/2022,"84,500.00","84,500.00","83,700.00","83,700.00",780.50K,
14/09/2022,"83,500.00","84,500.00","83,500.00","84,000.00",1.31M,
13/09/2022,"85,000.00","85,300.00","84,300.00","84,600.00",1.05M,
12/9/2022,"85,100.00","85,200.00","84,300.00","84,600.00",716.00K,
9/9/2022,"84,600.00","85,000.00","84,300.00","84,300.00",1.15M,
8/9/2022,"84,100.00","85,000.00","83,800.00","84,300.00",1.14M,
7/9/2022,"85,500.00","85,900.00","84,000.00","84,000.00",2.24M,
6/9/2022,"86,000.00","86,400.00","85,800.00","85,800.00",1.17M,
5/9/2022,"86,500.00","86,700.00","85,900.00","86,200.00",1.02M,
31/08/2022,"85,800.00","87,000.00","85,800.00","86,600.00",1.17M,
30/08/2022,"86,500.00","87,000.00","86,000.00","86,400.00",1.15M,
29/08/2022,"87,000.00","87,000.00","84,700.00","86,500.00",2.23M,
26/08/2022,"86,400.00","87,800.00","86,300.00","87,200.00",1.94M,
25/08/2022,"86,200.00","86,700.00","86,000.00","86,300.00",1.14M,
24/08/2022,"86,500.00","86,800.00","86,100.00","86,200.00",1.01M,
23/08/2022,"85,110.00","86,000.00","85,110.00","86,000.00",1.09M,
22/08/2022,"85,605.00","86,297.00","84,913.00","85,802.00",1.63M,
19/08/2022,"86,989.00","87,483.00","85,209.00","85,901.00",1.96M,
18/08/2022,"86,890.00","88,669.00","86,890.00","87,285.00",2.55M,
17/08/2022,"87,977.00","88,076.00","86,989.00","87,285.00",1.51M,
16/08/2022,"87,878.00","88,372.00","87,087.00","87,680.00",1.38M,
15/08/2022,"85,605.00","88,076.00","85,605.00","87,878.00",3.09M,
12/8/2022,"84,715.00","85,506.00","84,715.00","85,506.00",1.24M,
11/8/2022,"85,209.00","85,802.00","84,715.00","85,012.00",1.85M,
10/8/2022,"85,308.00","85,703.00","85,012.00","85,012.00",1.12M,
9/8/2022,"85,012.00","86,494.00","84,715.00","85,209.00",2.32M,
8/8/2022,"84,913.00","85,407.00","84,320.00","85,012.00",1.59M,
5/8/2022,"85,110.00","86,198.00","84,616.00","84,814.00",1.77M,
4/8/2022,"84,122.00","85,605.00","83,924.00","85,110.00",3.05M,
3/8/2022,"84,023.00","84,221.00","83,232.00","83,825.00",2.25M,
2/8/2022,"83,035.00","84,122.00","82,540.00","84,023.00",1.88M,
1/8/2022,"83,035.00","83,232.00","82,145.00","83,035.00",1.82M,
29/07/2022,"84,122.00","84,221.00","82,540.00","82,540.00",1.94M,
28/07/2022,"84,221.00","84,814.00","82,145.00","83,924.00",1.66M,
27/07/2022,"83,628.00","84,221.00","83,430.00","84,221.00",771.10K,
26/07/2022,"85,011.50","85,011.50","83,825.30","83,825.30",1.13M,
25/07/2022,"86,000.00","86,000.00","84,121.90","84,418.40",2.25M,
22/07/2022,"85,406.90","85,505.80","84,121.90","84,121.90",1.31M,
21/07/2022,"84,912.70","84,912.70","83,528.80","84,023.00",1.80M,
20/07/2022,"84,023.00","84,912.70","83,034.50","83,924.20",2.85M,
19/07/2022,"81,947.10","82,046.00","81,255.20","82,046.00",1.19M,
18/07/2022,"81,848.30","83,528.80","81,354.00","82,046.00",1.26M,
15/07/2022,"83,034.50","83,034.50","81,255.20","81,255.20",1.38M,
14/07/2022,"81,848.30","82,540.30","81,255.20","81,848.30",891.30K,
13/07/2022,"83,034.50","83,034.50","81,551.70","81,551.70",1.14M,
12/7/2022,"81,848.30","82,540.30","81,749.40","82,540.30",602.80K,
11/7/2022,"83,627.60","83,627.60","81,848.30","81,848.30",998.10K,
8/7/2022,"82,935.70","83,034.50","82,144.80","82,639.10",910.40K,
7/7/2022,"82,935.70","83,627.60","82,144.80","82,144.80",1.29M,
6/7/2022,"83,133.40","84,912.70","82,540.30","82,540.30",2.23M,
5/7/2022,"86,790.80","86,790.80","84,418.40","84,418.40",1.40M,
4/7/2022,"87,482.80","87,482.80","85,011.50","85,703.50",1.01M,
1/7/2022,"86,000.00","87,779.30","83,825.30","86,988.50",1.70M,
30/06/2022,"88,471.30","88,866.70","85,209.20","85,209.20",1.51M,
29/06/2022,"87,878.20","88,965.50","87,186.20","88,965.50",1.18M,
28/06/2022,"88,471.30","89,163.20","86,197.70","88,669.00",2.30M,
27/06/2022,"85,406.90","86,889.70","84,912.70","85,505.80",1.25M,
24/06/2022,"85,110.40","86,790.80","84,517.30","84,517.30",902.40K,
23/06/2022,"83,034.50","85,802.30","82,738.00","84,517.30",2.02M,
22/06/2022,"88,767.80","89,360.90","83,429.90","83,528.80",2.97M,
21/06/2022,"91,338.00","92,425.30","87,977.00","88,075.90",2.46M,
20/06/2022,"92,425.30","93,413.80","90,250.60","90,942.60",2.48M,
17/06/2022,"89,262.10","91,535.70","87,977.00","90,942.60",2.32M,
16/06/2022,"89,954.00","92,721.90","89,163.20","90,942.60",2.52M,
15/06/2022,"89,558.60","89,558.60","86,988.50","89,459.80",1.76M,
14/06/2022,"85,011.50","88,866.70","84,517.30","88,075.90",2.31M,
13/06/2022,"86,988.50","89,756.30","85,011.50","85,209.20",3.39M,
10/6/2022,"93,413.80","94,484.70","90,613.00","90,613.00",3.57M,
9/6/2022,"95,143.70","95,473.20","93,331.40","94,978.90",2.05M,
8/6/2022,"95,802.70","96,873.50","94,319.90","94,731.80",3.19M,
7/6/2022,"92,837.20","95,226.00","89,459.80","95,226.00",4.69M,
6/6/2022,"93,908.00","95,555.50","92,260.50","93,084.30",3.07M,
3/6/2022,"91,848.60","93,908.00","91,354.40","93,908.00",2.11M,
2/6/2022,"92,919.50","94,567.00","91,519.10","91,848.60",2.75M,
1/6/2022,"90,530.60","93,001.90","90,448.30","92,095.80",2.44M,
31/05/2022,"91,683.90","91,683.90","88,553.60","90,530.60",2.59M,
30/05/2022,"91,519.10","92,590.00","89,954.00","91,683.90",3.00M,
27/05/2022,"86,988.50","92,260.50","86,906.10","92,095.80",4.65M,
26/05/2022,"86,659.00","88,224.10","86,164.70","86,988.50",1.71M,
25/05/2022,"81,963.60","86,494.20","81,304.60","86,494.20",4.52M,
24/05/2022,"79,492.30","80,892.70","79,080.40","80,892.70",1.66M,
23/05/2022,"80,892.70","80,892.70","79,162.80","79,492.30",1.36M,
20/05/2022,"80,480.80","81,469.30","79,904.20","80,316.10",1.69M,
19/05/2022,"78,339.10","80,480.80","78,339.10","79,904.20",1.47M,
18/05/2022,"82,128.30","82,457.80","80,316.10","80,480.80",2.32M,
17/05/2022,"76,609.20","82,128.30","76,197.30","82,128.30",2.45M,
16/05/2022,"80,316.10","80,316.10","76,773.90","76,773.90",2.09M,
13/05/2022,"79,162.80","81,551.70","76,691.60","77,103.40",4.92M,
12/5/2022,"81,798.80","83,940.60","78,256.70","78,750.90",3.11M,
11/5/2022,"80,728.00","83,940.60","79,739.50","83,940.60",2.00M,
10/5/2022,"77,432.90","81,387.00","75,785.40","81,057.50",3.38M,
9/5/2022,"80,975.10","81,551.70","77,432.90","77,432.90",5.40M,
6/5/2022,"84,270.10","85,670.50","82,540.20","82,540.20",2.92M,
5/5/2022,"86,164.70","86,906.10","83,940.60","86,247.10",2.63M,
4/5/2022,"86,411.90","87,235.60","85,752.90","86,082.40",1.92M,
29/04/2022,"86,494.20","88,224.10","85,835.20","86,494.20",4.79M,
28/04/2022,"84,764.40","87,977.00","84,434.90","86,906.10",3.04M,
27/04/2022,"84,434.90","85,670.50","82,787.30","84,846.70",3.04M,
26/04/2022,"82,540.20","86,494.20","79,904.20","85,917.60",6.52M,
25/04/2022,"90,695.40","91,354.40","85,176.20","85,176.20",5.53M,
22/04/2022,"92,672.40","93,825.70","87,318.00","91,519.10",6.85M,
21/04/2022,"91,601.50","95,473.20","91,601.50","92,260.50",4.88M,
20/04/2022,"92,260.50","93,084.30","90,283.50","92,260.50",3.95M,
19/04/2022,"95,967.40","96,379.30","92,260.50","92,260.50",5.68M,
18/04/2022,"94,731.80","97,697.30","93,908.00","95,143.70",4.03M,
15/04/2022,"94,814.20","97,120.70","93,908.00","94,731.80",3.75M,
14/04/2022,"94,896.50","97,944.40","94,896.50","96,049.80",4.24M,
13/04/2022,"90,613.00","94,814.20","90,448.30","94,814.20",3.99M,
12/4/2022,"89,789.30","91,848.60","87,812.20","90,448.30",3.79M,
8/4/2022,"93,331.40","93,825.70","89,377.40","89,377.40",4.88M,
7/4/2022,"93,660.90","96,296.90","92,342.90","93,331.40",4.70M,
6/4/2022,"89,295.00","93,908.00","89,295.00","93,084.30",5.01M,
5/4/2022,"89,871.60","91,931.00","89,789.30","89,789.30",2.24M,
4/4/2022,"93,496.20","93,496.20","90,036.40","90,036.40",3.23M,
1/4/2022,"88,059.40","91,436.80","87,400.40","91,436.80",5.18M,
31/03/2022,"86,906.10","91,107.30","86,164.70","88,141.70",4.17M,
30/03/2022,"87,153.20","88,388.90","86,082.40","87,318.00",3.40M,
29/03/2022,"81,222.20","86,411.90","81,222.20","86,411.90",9.87M,
28/03/2022,"78,668.60","81,304.60","78,421.40","80,810.30",4.20M,
25/03/2022,"79,162.80","79,492.30","78,750.90","78,833.30",1.47M,
24/03/2022,"79,080.40","80,069.00","78,503.80","79,080.40",2.19M,
23/03/2022,"79,492.30","80,316.10","79,080.40","79,492.30",2.37M,
22/03/2022,"79,080.40","79,904.20","78,586.20","79,410.00",2.50M,
21/03/2022,"78,421.40","79,080.40","78,256.70","78,503.80",1.87M,
18/03/2022,"76,609.20","79,574.70","76,609.20","78,339.10",3.38M,
17/03/2022,"75,620.70","76,362.10","75,373.60","75,785.40",1.42M,
16/03/2022,"75,044.10","76,032.60","74,549.80","75,455.90",1.37M,
15/03/2022,"75,620.70","75,620.70","73,973.20","74,961.70",2.25M,
14/03/2022,"76,609.20","76,609.20","74,549.80","75,620.70",2.33M,
11/3/2022,"77,844.80","77,927.20","76,362.10","76,773.90",1.37M,
10/3/2022,"79,327.60","79,327.60","77,927.20","77,927.20",934.44K,
9/3/2022,"77,927.20","79,492.30","77,927.20","78,668.60",2.64M,
8/3/2022,"77,268.20","78,586.20","76,279.70","78,091.90",2.67M,
7/3/2022,"76,691.60","77,350.60","75,950.20","77,268.20",2.04M,
4/3/2022,"76,856.30","77,268.20","76,609.20","77,021.10",1.61M,
3/3/2022,"76,773.90","77,432.90","76,773.90","76,938.70",1.15M,
2/3/2022,"76,609.20","76,938.70","76,362.10","76,691.60",1.31M,
1/3/2022,"77,432.90","77,432.90","76,197.30","76,938.70",1.32M,
28/02/2022,"76,032.60","77,021.10","76,032.60","76,856.30",1.81M,
25/02/2022,"76,114.90","76,938.70","75,867.80","76,032.60",1.27M,
24/02/2022,"76,609.20","77,021.10","74,137.90","75,785.40",1.62M,
23/02/2022,"76,279.70","77,350.60","76,279.70","76,609.20",1.17M,
22/02/2022,"76,609.20","76,856.30","75,785.40","76,526.80",1.39M,
21/02/2022,"75,950.20","77,432.90","75,785.40","77,021.10",1.66M,
18/02/2022,"76,032.60","76,197.30","75,538.30","75,950.20",742.56K,
17/02/2022,"75,703.10","76,444.40","74,961.70","76,444.40",1.02M,
16/02/2022,"75,538.30","76,197.30","75,208.80","75,208.80",737.04K,
15/02/2022,"74,961.70","75,538.30","74,549.80","75,044.10",786.48K,
14/02/2022,"74,961.70","75,455.90","74,467.40","74,961.70",928.92K,
11/2/2022,"75,620.70","76,114.90","75,291.20","75,455.90",769.92K,
10/2/2022,"75,291.20","75,785.40","74,302.70","75,785.40",1.17M,
9/2/2022,"75,538.30","75,538.30","74,632.20","74,714.50",1.37M,
8/2/2022,"73,726.00","75,620.70","73,726.00","74,632.20",1.01M,
7/2/2022,"74,137.90","74,220.30","73,314.20","73,726.00",622.08K,
28/01/2022,"70,842.90","73,726.00","70,760.50","73,726.00",1.86M,
27/01/2022,"70,842.90","71,419.50","70,348.60","70,760.50",863.52K,
26/01/2022,"71,666.70","71,666.70","70,431.00","70,842.90",1.10M,
25/01/2022,"70,183.90","72,078.50","69,195.40","71,254.80",1.43M,
24/01/2022,"72,655.20","72,902.30","70,019.10","70,266.30",2.43M,
21/01/2022,"73,314.20","73,973.20","72,655.20","72,655.20",1.01M,
20/01/2022,"72,819.90","74,961.70","72,737.50","73,149.40",1.60M,
19/01/2022,"72,572.80","73,478.90","72,490.40","72,737.50",893.88K,
18/01/2022,"72,737.50","73,808.40","72,490.40","72,572.80",1.45M,
17/01/2022,"74,549.80","75,208.80","73,314.20","73,314.20",1.88M,
14/01/2022,"75,538.30","75,867.80","74,879.30","75,208.80",824.04K,
13/01/2022,"74,879.30","76,362.10","73,973.20","75,867.80",2.17M,
12/1/2022,"73,396.50","74,632.20","72,902.30","73,808.40",2.09M,
11/1/2022,"75,785.40","75,950.20","73,396.50","73,726.00",3.01M,
10/1/2022,"76,773.90","77,021.10","75,703.10","75,785.40",2.26M,
7/1/2022,"76,691.60","77,185.80","76,691.60","76,938.70",1.22M,
6/1/2022,"77,103.40","77,432.90","77,021.10","77,021.10",1.43M,
5/1/2022,"77,185.80","77,597.70","77,021.10","77,103.40",1.43M,
4/1/2022,"76,938.70","77,597.70","76,856.30","77,021.10",2.32M,
31/12/2021,"77,268.20","77,762.40","76,609.20","76,609.20",1.93M,
30/12/2021,"77,185.80","77,680.10","77,021.10","77,103.40",972.96K,
29/12/2021,"78,091.90","78,091.90","77,103.40","77,103.40",1.09M,
28/12/2021,"77,844.80","78,174.30","77,515.30","77,844.80",680.76K,
27/12/2021,"77,597.70","78,256.70","76,856.30","77,844.80",952.44K,
24/12/2021,"77,021.10","77,844.80","76,444.40","77,268.20",1.42M,
23/12/2021,"78,256.70","78,256.70","76,609.20","76,773.90",2.32M,
22/12/2021,"78,256.70","78,586.20","77,927.20","78,256.70",2.00M,
21/12/2021,"78,833.30","78,998.10","78,339.10","78,421.40",1.33M,
20/12/2021,"79,492.30","79,492.30","78,668.60","78,915.70",1.22M,
17/12/2021,"78,750.90","79,904.20","78,668.60","79,410.00",1.38M,
16/12/2021,"80,316.10","80,316.10","78,668.60","78,668.60",1.49M,
15/12/2021,"78,833.30","79,327.60","78,750.90","78,998.10",970.08K,
14/12/2021,"79,080.40","79,410.00","78,586.20","78,833.30",1.37M,
13/12/2021,"79,492.30","79,492.30","78,750.90","79,080.40",1.08M,
10/12/2021,"79,410.00","79,904.20","78,586.20","78,915.70",1.39M,
9/12/2021,"78,339.10","79,904.20","78,339.10","79,904.20",1.19M,
8/12/2021,"79,492.30","79,492.30","78,256.70","78,750.90",1.28M,
7/12/2021,"78,256.70","79,080.40","77,844.80","79,080.40",1.74M,
6/12/2021,"78,668.60","79,492.30","77,597.70","77,844.80",2.87M,
3/12/2021,"80,563.20","80,563.20","78,668.60","78,668.60",2.41M,
2/12/2021,"80,398.50","80,975.10","80,069.00","80,069.00",1.14M,
1/12/2021,"80,316.10","81,222.20","79,657.10","80,892.70",1.51M,
30/11/2021,"80,810.30","81,139.80","79,904.20","79,986.60",3.08M,
29/11/2021,"80,316.10","81,469.30","80,316.10","80,810.30",2.39M,
26/11/2021,"82,457.80","83,034.50","81,387.00","81,469.30",2.40M,
25/11/2021,"81,139.80","83,858.20","80,975.10","82,375.50",6.58M,
24/11/2021,"79,657.10","81,057.50","79,410.00","80,645.60",2.93M,
23/11/2021,"78,256.70","79,574.70","78,174.30","79,574.70",1.38M,
22/11/2021,"78,668.60","79,080.40","78,256.70","78,256.70",2.00M,
19/11/2021,"80,316.10","80,563.20","78,339.10","78,503.80",2.98M,
18/11/2021,"80,975.10","81,304.60","79,492.30","79,492.30",2.41M,
17/11/2021,"80,975.10","81,057.50","80,728.00","80,975.10",1.42M,
16/11/2021,"80,151.30","81,963.60","79,739.50","80,975.10",4.21M,
15/11/2021,"81,139.80","81,139.80","80,151.30","80,151.30",2.29M,
12/11/2021,"79,245.20","80,892.70","78,998.10","80,728.00",2.69M,
11/11/2021,"79,904.20","80,728.00","78,915.70","79,080.40",2.55M,
10/11/2021,"79,410.00","79,904.20","78,998.10","79,904.20",1.91M,
9/11/2021,"80,316.10","80,398.50","79,080.40","79,410.00",2.22M,
8/11/2021,"80,398.50","81,139.80","80,151.30","80,233.70",2.03M,
5/11/2021,"79,245.20","80,563.20","79,080.40","80,398.50",2.60M,
4/11/2021,"79,162.80","79,739.50","78,833.30","79,080.40",2.11M,
3/11/2021,"79,245.20","79,657.10","78,421.40","79,162.80",3.22M,
2/11/2021,"78,668.60","79,904.20","78,668.60","79,162.80",2.53M,
1/11/2021,"80,233.70","80,233.70","78,750.90","78,915.70",3.43M,
29/10/2021,"80,728.00","80,728.00","79,821.80","79,821.80",2.86M,
28/10/2021,"80,892.70","81,057.50","80,069.00","80,728.00",1.97M,
27/10/2021,"79,739.50","80,892.70","79,492.30","80,892.70",2.79M,
26/10/2021,"78,256.70","79,821.80","77,680.10","79,821.80",2.23M,
25/10/2021,"79,245.20","79,245.20","78,174.30","78,174.30",3.53M,
22/10/2021,"79,904.20","80,233.70","79,162.80","79,245.20",2.43M,
21/10/2021,"81,057.50","81,139.80","79,657.10","79,657.10",2.74M,
20/10/2021,"81,304.60","81,963.60","79,574.70","80,398.50",2.70M,
19/10/2021,"81,551.70","81,963.60","81,222.20","81,222.20",1.84M,
18/10/2021,"81,551.70","82,375.50","81,222.20","81,551.70",2.72M,
15/10/2021,"81,881.20","82,457.80","81,057.50","81,469.30",2.04M,
14/10/2021,"81,881.20","82,375.50","81,057.50","81,387.00",2.19M,
13/10/2021,"81,551.70","83,611.10","81,139.80","81,881.20",3.88M,
12/10/2021,"81,716.50","81,716.50","81,139.80","81,551.70",1.35M,
11/10/2021,"81,551.70","81,798.80","80,975.10","81,716.50",2.75M,
8/10/2021,"78,256.70","81,963.60","77,762.40","81,469.30",9.97M,
7/10/2021,"78,174.30","78,256.70","77,515.30","77,680.10",1.80M,
6/10/2021,"77,844.80","78,009.60","77,185.80","77,762.40",1.89M,
5/10/2021,"78,256.70","79,080.40","77,762.40","77,762.40",1.67M,
4/10/2021,"76,609.20","78,421.40","76,114.90","77,927.20",2.73M,
1/10/2021,"76,526.80","76,691.60","76,197.30","76,526.80",1.27M,
30/09/2021,"77,021.10","77,350.60","76,609.20","76,609.20",1.20M,
29/09/2021,"76,609.20","76,938.70","76,032.60","76,773.90",1.41M,
28/09/2021,"75,538.30","76,609.20","75,373.60","76,609.20",1.67M,
27/09/2021,"76,526.80","77,021.10","75,867.80","75,867.80",1.86M,
24/09/2021,"76,773.90","76,773.90","76,362.10","76,362.10",1.74M,
23/09/2021,"76,773.90","77,268.20","76,609.20","76,691.60",1.67M,
22/09/2021,"76,773.90","76,938.70","76,362.10","76,773.90",2.43M,
21/09/2021,"76,938.70","77,432.90","76,197.30","77,021.10",3.24M,
20/09/2021,"79,080.40","79,245.20","77,515.30","77,762.40",3.03M,
17/09/2021,"78,668.60","79,904.20","78,586.20","78,833.30",3.99M,
16/09/2021,"77,762.40","78,256.70","77,597.70","78,009.60",2.31M,
15/09/2021,"77,268.20","77,762.40","76,856.30","77,515.30",2.03M,
14/09/2021,"76,856.30","78,009.60","76,609.20","77,268.20",3.03M,
13/09/2021,"77,103.40","77,432.90","76,526.80","76,609.20",1.92M,
10/9/2021,"76,938.70","77,762.40","76,938.70","77,021.10",1.73M,
9/9/2021,"76,691.60","77,350.60","76,444.40","76,773.90",1.67M,
8/9/2021,"77,021.10","77,597.70","76,444.40","76,691.60",1.74M,
7/9/2021,"78,503.80","78,503.80","77,021.10","77,021.10",2.75M,
6/9/2021,"76,114.90","78,174.30","76,032.60","78,174.30",3.75M,
1/9/2021,"75,867.80","76,609.20","75,867.80","76,114.90",1.62M,
31/08/2021,"76,032.60","76,773.90","75,785.40","76,114.90",2.34M,
30/08/2021,"76,609.20","76,609.20","75,867.80","75,950.20",1.79M,
27/08/2021,"74,961.70","75,785.40","74,632.20","75,785.40",2.28M,
26/08/2021,"75,785.40","76,526.80","75,126.40","75,291.20",2.11M,
25/08/2021,"76,114.90","76,114.90","74,961.70","75,703.10",1.61M,
24/08/2021,"75,373.60","75,785.40","74,055.50","75,703.10",3.70M,
23/08/2021,"76,197.30","76,197.30","74,961.70","74,961.70",4.12M,
20/08/2021,"77,844.80","78,009.60","75,044.10","76,444.40",5.22M,
19/08/2021,"78,256.70","78,256.70","77,268.20","77,844.80",3.27M,
18/08/2021,"77,268.20","78,174.30","77,268.20","77,432.90",2.34M,
17/08/2021,"77,515.30","77,927.20","77,021.10","77,268.20",3.36M,
16/08/2021,"78,256.70","78,421.40","77,762.40","77,927.20",2.29M,
13/08/2021,"75,884.30","77,433.00","75,802.80","77,433.00",4.34M,
12/8/2021,"78,085.00","78,248.00","76,128.80","76,454.90",10.08M,
11/8/2021,"79,633.70","79,715.20","78,329.60","78,329.60",5.86M,
10/8/2021,"80,122.70","80,204.20","79,552.20","79,715.20",3.22M,
9/8/2021,"79,063.10","79,633.70","78,166.50","79,470.70",3.52M,
6/8/2021,"78,900.10","79,226.10","78,085.00","78,737.10",4.10M,
5/8/2021,"77,596.00","79,063.10","77,351.50","78,737.10",2.98M,
4/8/2021,"78,166.50","78,411.10","77,351.50","77,922.00",3.38M,
3/8/2021,"78,085.00","78,248.00","77,188.40","78,085.00",4.33M,
2/8/2021,"76,617.90","78,737.10","76,617.90","77,922.00",5.13M,
30/07/2021,"76,210.30","77,269.90","75,639.80","76,617.90",5.43M,
29/07/2021,"74,987.70","76,536.40","74,743.20","76,128.80",4.46M,
28/07/2021,"75,639.80","76,373.40","74,743.20","74,987.70",4.02M,
27/07/2021,"76,943.90","77,351.50","75,395.30","75,965.80",6.01M,
26/07/2021,"73,602.10","76,536.40","73,520.60","76,373.40",6.93M,
23/07/2021,"72,868.50","75,721.30","72,297.90","73,765.10",8.11M,
22/07/2021,"70,260.20","73,031.50","70,260.20","72,868.50",5.33M,
21/07/2021,"70,749.30","71,645.90","70,178.70","70,586.30",4.04M,
20/07/2021,"69,119.10","70,749.30","68,385.50","70,749.30",3.06M,
19/07/2021,"69,445.10","70,423.20","68,874.60","69,037.60",3.95M,
16/07/2021,"70,015.70","71,727.40","69,689.70","70,749.30",2.74M,
15/07/2021,"69,037.60","70,586.30","69,037.60","69,608.20",3.26M,
14/07/2021,"71,401.30","71,401.30","69,037.60","69,445.10",2.92M,
13/07/2021,"70,830.80","71,156.80","69,282.10","70,912.30",2.65M,
12/7/2021,"72,379.40","73,113.00","68,141.00","70,178.70",8.12M,
9/7/2021,"73,031.50","74,987.70","72,379.40","73,113.00",3.54M,
8/7/2021,"73,683.60","73,765.10","72,542.50","73,194.50",2.85M,
7/7/2021,"70,912.30","74,172.60","69,282.10","73,765.10",5.89M,
6/7/2021,"75,395.30","75,802.80","70,912.30","70,912.30",3.17M,
5/7/2021,"77,433.00","77,433.00","74,172.60","75,558.30",3.52M,
2/7/2021,"72,787.00","75,395.30","72,461.00","74,906.20",4.65M,
1/7/2021,"71,808.90","72,461.00","71,727.40","72,461.00",2.04M,
30/06/2021,"72,542.50","72,624.00","71,727.40","71,727.40",1.98M,
29/06/2021,"70,586.30","72,542.50","70,341.70","72,216.40",5.88M,
28/06/2021,"70,178.70","70,178.70","69,608.20","69,852.70",2.23M,
25/06/2021,"69,037.60","69,608.20","68,630.10","69,445.10",1.80M,
24/06/2021,"68,711.60","69,200.60","68,385.50","69,037.60",1.99M,
23/06/2021,"69,526.70","69,771.20","68,548.60","69,200.60",1.92M,
22/06/2021,"70,178.70","70,586.30","69,608.20","69,608.20",2.11M,
21/06/2021,"68,141.00","70,341.70","67,815.00","69,771.20",4.65M,
18/06/2021,"67,733.50","68,630.10","67,407.40","68,304.00",2.02M,
17/06/2021,"66,918.40","67,733.50","66,918.40","67,325.90",2.68M,
16/06/2021,"67,815.00","68,956.10","67,407.40","67,733.50",2.95M,
15/06/2021,"68,304.00","68,874.60","67,815.00","67,815.00",2.13M,
14/06/2021,"68,059.50","68,956.10","67,652.00","68,304.00",3.06M,
11/6/2021,"66,429.30","68,385.50","66,266.30","68,059.50",2.83M,
10/6/2021,"66,592.30","67,244.40","66,021.80","66,755.40",2.66M,
9/6/2021,"65,695.80","66,918.40","64,391.60","66,592.30",4.29M,
8/6/2021,"66,836.90","67,652.00","65,695.80","65,858.80",4.18M,
7/6/2021,"68,956.10","69,037.60","66,021.80","67,407.40",4.45M,
4/6/2021,"69,282.10","69,363.60","68,304.00","69,037.60",4.58M,
3/6/2021,"69,282.10","69,608.20","68,711.60","69,445.10",3.83M,
2/6/2021,"70,993.80","71,319.80","69,282.10","69,689.70",3.66M,
1/6/2021,"71,645.90","72,134.90","70,912.30","70,993.80",4.19M,
31/05/2021,"67,086.20","68,842.40","66,524.20","68,772.10",4.47M,
28/05/2021,"66,032.50","66,734.90","65,821.70","66,594.40",2.59M,
27/05/2021,"66,945.70","67,015.90","65,681.20","65,892.00",2.41M,
26/05/2021,"66,173.00","67,086.20","65,821.70","66,945.70",2.75M,
25/05/2021,"65,681.20","66,875.40","65,189.50","65,892.00",2.98M,
24/05/2021,"65,892.00","65,962.20","64,697.80","65,681.20",3.68M,
21/05/2021,"66,243.20","67,858.90","65,330.00","65,892.00",4.45M,
20/05/2021,"63,784.60","67,086.20","63,503.60","67,086.20",4.86M,
19/05/2021,"61,466.40","63,995.30","60,974.70","63,784.60",3.97M,
18/05/2021,"60,693.70","61,396.10","60,553.20","61,115.20",2.94M,
17/05/2021,"60,272.20","60,834.20","59,850.70","60,201.90",2.41M,
14/05/2021,"59,218.50","60,553.20","59,078.00","59,569.70",2.57M,
13/05/2021,"59,710.20","59,991.20","59,007.70","59,007.70",3.53M,
12/5/2021,"59,710.20","59,991.20","59,218.50","59,991.20",2.55M,
11/5/2021,"60,412.70","60,834.20","59,850.70","59,850.70",2.87M,
10/5/2021,"58,375.50","60,412.70","58,305.30","60,272.20",6.22M,
7/5/2021,"58,094.50","59,007.70","57,813.50","58,305.30",3.73M,
6/5/2021,"58,305.30","58,656.50","57,743.30","58,094.50",2.72M,
5/5/2021,"59,359.00","59,359.00","58,094.50","58,235.00",3.20M,
4/5/2021,"56,197.80","58,656.50","56,197.80","58,235.00",3.26M,
29/04/2021,"56,759.80","57,462.30","56,759.80","56,830.10",2.89M,
28/04/2021,"56,268.10","57,111.10","56,268.10","56,759.80",1.89M,
27/04/2021,"56,478.80","57,181.30","56,268.10","56,689.60",1.78M,
26/04/2021,"57,954.00","58,164.80","56,549.10","56,900.30",3.52M,
23/04/2021,"56,197.80","58,305.30","55,987.10","58,305.30",4.37M,
22/04/2021,"57,602.80","58,937.50","56,197.80","56,197.80",3.13M,
20/04/2021,"57,462.30","59,640.00","57,321.80","58,235.00",6.55M,
19/04/2021,"56,197.80","57,251.60","55,846.60","57,251.60",3.29M,
16/04/2021,"56,057.40","57,040.80","55,354.90","55,987.10",3.03M,
15/04/2021,"56,900.30","57,181.30","56,057.40","56,197.80",2.89M,
14/04/2021,"56,197.80","56,900.30","55,846.60","56,900.30",3.49M,
13/04/2021,"57,602.80","57,743.30","56,549.10","56,689.60",2.81M,
12/4/2021,"57,883.80","57,883.80","57,251.60","57,673.00",2.79M,
9/4/2021,"56,127.60","58,305.30","56,127.60","57,673.00",5.48M,
8/4/2021,"56,338.30","56,619.30","55,846.60","55,916.90",2.22M,
7/4/2021,"55,635.90","55,987.10","55,565.60","55,916.90",2.08M,
6/4/2021,"55,565.60","56,197.80","55,565.60","55,776.40",2.08M,
5/4/2021,"56,478.80","56,549.10","55,425.10","55,916.90",2.05M,
2/4/2021,"56,478.80","56,549.10","56,057.40","56,057.40",2.69M,
1/4/2021,"54,722.70","55,987.10","54,722.70","55,987.10",3.45M,
31/03/2021,"54,160.70","54,863.10","53,809.40","54,582.20",1.90M,
30/03/2021,"54,722.70","54,792.90","54,090.40","54,160.70",2.09M,
29/03/2021,"53,739.20","54,863.10","53,458.20","54,511.90",2.76M,
26/03/2021,"53,528.40","53,949.90","52,334.20","53,458.20",3.69M,
25/03/2021,"54,441.70","54,441.70","53,739.20","53,809.40",3.18M,
24/03/2021,"54,722.70","55,425.10","53,739.20","54,090.40",3.42M,
23/03/2021,"55,144.10","56,197.80","55,003.60","55,354.90",3.04M,
22/03/2021,"55,846.60","55,916.90","55,003.60","55,284.60",2.88M,
19/03/2021,"56,197.80","56,549.10","55,776.40","56,057.40",3.10M,
18/03/2021,"56,900.30","56,900.30","56,197.80","56,900.30",2.49M,
17/03/2021,"57,251.60","57,251.60","56,197.80","56,759.80",2.21M,
16/03/2021,"54,090.40","57,251.60","53,809.40","56,900.30",7.05M,
15/03/2021,"53,809.40","54,441.70","53,458.20","53,739.20",2.43M,
12/3/2021,"54,090.40","54,160.70","53,598.70","53,739.20",2.85M,
11/3/2021,"53,739.20","54,160.70","53,458.20","53,879.70",2.04M,
10/3/2021,"53,317.70","54,441.70","52,685.50","53,598.70",3.59M,
9/3/2021,"52,685.50","53,177.20","52,334.20","52,685.50",3.01M,
8/3/2021,"53,388.00","53,739.20","52,966.50","53,247.50",2.29M,
5/3/2021,"53,036.70","53,388.00","52,334.20","53,317.70",3.46M,
4/3/2021,"54,582.20","54,652.40","52,755.70","53,317.70",4.00M,
3/3/2021,"54,792.90","54,863.10","54,371.40","54,582.20",2.21M,
2/3/2021,"55,425.10","55,425.10","54,020.20","54,722.70",2.51M,
1/3/2021,"53,949.90","54,792.90","53,949.90","54,722.70",2.87M,
26/02/2021,"52,685.50","53,668.90","52,615.20","53,528.40",2.67M,
25/02/2021,"53,458.20","53,598.70","52,334.20","53,528.40",2.66M,
24/02/2021,"53,388.00","53,739.20","52,615.20","52,966.50",3.07M,
23/02/2021,"53,598.70","54,090.40","52,404.50","53,036.70",4.65M,
22/02/2021,"53,809.40","54,441.70","53,458.20","53,949.90",3.20M,
19/02/2021,"54,301.20","54,792.90","53,388.00","53,809.40",5.14M,
18/02/2021,"54,792.90","55,003.60","53,809.40","54,933.40",3.10M,
17/02/2021,"53,598.70","55,495.40","53,317.70","54,722.70",4.33M,
9/2/2021,"50,156.60","52,404.50","49,173.10","52,404.50",5.83M,
8/2/2021,"51,210.30","51,210.30","48,892.10","50,086.30",5.57M,
5/2/2021,"51,280.50","51,561.50","50,437.60","51,210.30",2.88M,
4/2/2021,"49,313.60","51,421.00","49,313.60","50,929.30",6.07M,
3/2/2021,"47,416.90","49,594.60","46,433.50","49,173.10",5.76M,
2/2/2021,"44,326.10","46,363.20","44,255.80","46,363.20",4.51M,
1/2/2021,"45,239.30","45,941.70","43,764.10","44,607.00",2.78M,
29/01/2021,"41,445.90","44,045.10","41,445.90","44,045.10",4.43M,
28/01/2021,"42,148.40","43,764.10","41,164.90","41,164.90",7.03M,
27/01/2021,"46,152.50","46,433.50","44,185.60","44,255.80",3.07M,
26/01/2021,"47,416.90","47,416.90","46,012.00","46,363.20",3.58M,
25/01/2021,"46,925.20","47,908.70","46,503.70","47,065.70",4.29M,
22/01/2021,"46,152.50","47,416.90","45,941.70","46,995.40",2.88M,
21/01/2021,"45,309.50","46,222.70","44,466.50","46,082.20",3.19M,
20/01/2021,"44,045.10","44,747.50","42,288.90","44,466.50",5.06M,
19/01/2021,"46,363.20","46,433.50","43,342.60","43,553.30",4.84M,
18/01/2021,"47,065.70","47,065.70","46,503.70","46,574.00",1.67M,
15/01/2021,"47,065.70","47,065.70","46,644.20","46,784.70",2.13M,
14/01/2021,"46,714.50","47,065.70","46,152.50","46,644.20",2.45M,
13/01/2021,"46,293.00","47,346.70","46,293.00","46,714.50",3.60M,
12/1/2021,"45,660.80","46,363.20","44,958.30","46,222.70",3.36M,
11/1/2021,"44,888.00","45,450.00","44,466.50","45,450.00",2.72M,
8/1/2021,"44,255.80","44,747.50","43,974.80","44,466.50",3.75M,
7/1/2021,"43,974.80","44,185.60","43,483.10","43,904.60",2.97M,
6/1/2021,"44,326.10","44,677.30","43,764.10","43,834.30",2.48M,
5/1/2021,"42,148.40","44,607.00","42,007.90","44,045.10",3.22M,
4/1/2021,"41,867.40","42,288.90","41,656.70","42,288.90",2.97M,
31/12/2020,"40,813.70","41,586.40","40,743.40","41,516.20",2.81M,
30/12/2020,"41,375.70","41,375.70","40,813.70","40,813.70",1.66M,
29/12/2020,"40,673.20","41,305.40","40,462.40","41,164.90",3.00M,
28/12/2020,"40,673.20","41,164.90","40,392.20","40,673.20",3.03M,
25/12/2020,"40,041.00","40,462.40","39,760.00","40,462.40",2.24M,
24/12/2020,"40,392.20","40,602.90","39,619.50","40,041.00",3.29M,
23/12/2020,"40,954.20","41,164.90","40,181.50","40,392.20",1.92M,
22/12/2020,"40,322.00","41,094.70","40,111.20","40,813.70",3.56M,
21/12/2020,"40,251.70","40,602.90","40,111.20","40,392.20",3.18M,
18/12/2020,"39,689.70","40,111.20","39,689.70","39,970.70",2.12M,
17/12/2020,"39,970.70","40,111.20","39,338.50","39,689.70",4.96M,
16/12/2020,"40,181.50","40,392.20","40,041.00","40,111.20",2.75M,
15/12/2020,"40,392.20","40,462.40","39,760.00","39,830.20",3.68M,
14/12/2020,"40,041.00","40,743.40","39,970.70","40,181.50",1.99M,
11/12/2020,"39,760.00","40,041.00","39,549.20","40,041.00",2.42M,
10/12/2020,"40,041.00","40,532.70","39,689.70","39,689.70",2.92M,
9/12/2020,"39,549.20","40,602.90","39,479.00","40,392.20",4.14M,
8/12/2020,"39,127.80","39,760.00","38,987.30","39,479.00",3.17M,
7/12/2020,"39,268.20","39,338.50","38,987.30","39,127.80",2.01M,
4/12/2020,"38,917.00","39,268.20","38,917.00","39,127.80",1.91M,
3/12/2020,"38,987.30","39,127.80","38,706.30","39,057.50",2.25M,
2/12/2020,"38,636.00","39,127.80","38,636.00","39,057.50",2.91M,
1/12/2020,"38,636.00","38,917.00","38,495.50","38,776.50",4.73M,
30/11/2020,"39,830.20","39,830.20","38,917.00","38,917.00",3.81M,
27/11/2020,"39,268.20","39,479.00","39,057.50","39,479.00",2.74M,
26/11/2020,"38,987.30","39,338.50","38,495.50","39,127.80",2.26M,
25/11/2020,"39,549.20","39,549.20","38,776.50","38,776.50",2.53M,
24/11/2020,"39,268.20","39,689.70","38,636.00","39,057.50",4.15M,
23/11/2020,"38,776.50","39,479.00","38,355.00","39,268.20",3.90M,
20/11/2020,"38,706.30","39,268.20","38,636.00","38,776.50",2.54M,
19/11/2020,"38,144.30","39,338.50","37,933.50","38,706.30",6.87M,
18/11/2020,"38,144.30","38,144.30","37,722.80","37,933.50",2.42M,
17/11/2020,"37,652.60","38,003.80","37,231.10","37,933.50",3.47M,
16/11/2020,"37,933.50","38,214.50","37,231.10","37,441.80",5.12M,
13/11/2020,"37,793.10","37,793.10","37,582.30","37,793.10",1.82M,
12/11/2020,"37,231.10","37,582.30","37,160.80","37,582.30",1.70M,
11/11/2020,"37,512.10","37,512.10","37,020.30","37,231.10",2.30M,
10/11/2020,"37,933.50","37,933.50","37,231.10","37,231.10",2.40M,
9/11/2020,"37,090.60","37,512.10","37,020.30","37,512.10",2.78M,
6/11/2020,"36,809.60","37,090.60","36,598.80","36,809.60",1.36M,
5/11/2020,"37,020.30","37,512.10","36,528.60","36,528.60",1.80M,
4/11/2020,"37,231.10","37,441.80","36,879.80","37,231.10",1.89M,
3/11/2020,"36,458.40","37,160.80","36,317.90","37,090.60",3.54M,
2/11/2020,"36,177.40","36,317.90","35,966.60","36,317.90",1.20M,
30/10/2020,"36,107.10","36,177.40","35,474.90","36,177.40",2.03M,
29/10/2020,"35,404.60","36,036.90","35,264.10","35,755.90",3.75M,
28/10/2020,"36,528.60","36,809.60","35,615.40","35,615.40",4.96M,
27/10/2020,"37,160.80","37,371.60","36,598.80","36,598.80",4.40M,
26/10/2020,"37,863.30","38,284.80","37,090.60","37,090.60",5.32M,
23/10/2020,"38,074.00","38,284.80","37,582.30","37,863.30",3.65M,
22/10/2020,"37,090.60","37,933.50","36,950.10","37,933.50",3.24M,
21/10/2020,"37,371.60","38,284.80","37,090.60","37,090.60",4.56M,
20/10/2020,"37,301.30","37,441.80","36,879.80","37,371.60",2.60M,
19/10/2020,"37,652.60","37,793.10","37,231.10","37,441.80",3.22M,
16/10/2020,"35,966.60","37,863.30","35,755.90","37,371.60",7.96M,
15/10/2020,"35,966.60","36,107.10","35,615.40","35,966.60",2.66M,
14/10/2020,"35,685.60","36,107.10","35,404.60","35,826.10",3.33M,
13/10/2020,"35,755.90","35,826.10","35,474.90","35,615.40",1.69M,
12/10/2020,"35,755.90","36,107.10","35,545.10","35,755.90",2.14M,
9/10/2020,"35,826.10","35,966.60","35,685.60","35,685.60",1.62M,
8/10/2020,"35,474.90","36,177.40","35,334.40","35,896.40",4.23M,
7/10/2020,"35,264.10","35,615.40","35,264.10","35,404.60",2.06M,
6/10/2020,"35,685.60","35,755.90","35,334.40","35,474.90",2.10M,
5/10/2020,"35,404.60","35,685.60","35,053.40","35,474.90",2.07M,
2/10/2020,"35,685.60","35,896.40","34,421.20","35,334.40",2.69M,
1/10/2020,"35,264.10","35,685.60","35,264.10","35,685.60",1.25M,
30/09/2020,"35,264.10","35,404.60","34,948.00","35,123.70",3.45M,
29/09/2020,"36,107.10","36,107.10","35,264.10","35,264.10",2.62M,
28/09/2020,"35,755.90","36,036.90","35,545.10","35,896.40",1.81M,
25/09/2020,"35,615.40","35,685.60","35,123.70","35,685.60",1.66M,
24/09/2020,"35,615.40","35,826.10","35,264.10","35,474.90",2.39M,
23/09/2020,"36,036.90","36,177.40","35,685.60","35,896.40",2.48M,
22/09/2020,"35,685.60","36,036.90","35,545.10","36,036.90",2.25M,
21/09/2020,"36,036.90","36,317.90","35,966.60","35,966.60",2.11M,
18/09/2020,"35,193.90","36,107.10","35,123.70","35,966.60",4.56M,
17/09/2020,"35,334.40","35,474.90","35,053.40","35,123.70",2.16M,
16/09/2020,"35,123.70","35,685.60","35,123.70","35,474.90",2.65M,
15/09/2020,"34,772.40","35,123.70","34,631.90","35,123.70",2.63M,
14/09/2020,"34,596.80","34,772.40","34,491.40","34,631.90",1.56M,
11/9/2020,"34,421.20","34,561.70","34,315.80","34,526.60",1.20M,
10/9/2020,"34,772.40","34,983.20","34,491.40","34,561.70",1.39M,
9/9/2020,"34,175.30","34,772.40","34,140.20","34,561.70",2.06M,
8/9/2020,"34,245.60","34,772.40","34,069.90","34,772.40",2.25M,
7/9/2020,"35,088.50","35,123.70","34,069.90","34,069.90",3.13M,
4/9/2020,"34,772.40","35,123.70","34,772.40","35,123.70",2.12M,
3/9/2020,"35,404.60","35,474.90","35,053.40","35,404.60",3.15M,
1/9/2020,"34,772.40","35,474.90","34,667.00","35,053.40",2.43M,
31/08/2020,"35,053.40","35,334.40","34,667.00","34,772.40",2.68M,
28/08/2020,"35,264.10","35,896.40","35,053.40","35,053.40",5.53M,
27/08/2020,"33,894.30","35,193.90","33,894.30","35,018.30",5.14M,
26/08/2020,"34,280.70","34,315.80","33,859.20","33,999.70",1.83M,
25/08/2020,"34,140.20","34,386.10","34,105.10","34,315.80",4.56M,
24/08/2020,"33,683.60","34,140.20","33,613.30","34,034.80",4.89M,
21/08/2020,"33,191.90","33,367.50","33,156.70","33,297.20",1.74M,
20/08/2020,"32,946.00","33,332.30","32,910.90","33,051.40",2.52M,
19/08/2020,"32,946.00","33,051.40","32,770.40","32,910.90",1.21M,
18/08/2020,"33,016.20","33,121.60","32,875.70","32,910.90",862.78K,
17/08/2020,"32,946.00","33,016.20","32,665.00","33,016.20",1.45M,
14/08/2020,"33,082.10","33,150.80","32,635.00","32,875.70",2.25M,
13/08/2020,"32,806.90","32,978.90","32,669.40","32,978.90",2.36M,
12/8/2020,"32,394.30","32,669.40","32,256.70","32,669.40",1.70M,
11/8/2020,"32,635.00","32,635.00","32,325.50","32,325.50",1.67M,
10/8/2020,"32,566.20","32,875.70","32,394.30","32,463.10",1.60M,
7/8/2020,"32,187.90","32,875.70","32,187.90","32,394.30",1.77M,
6/8/2020,"32,325.50","32,497.40","32,119.20","32,187.90",1.59M,
5/8/2020,"31,981.60","32,428.70","31,809.70","32,325.50",1.83M,
4/8/2020,"31,981.60","32,187.90","31,775.30","32,016.00",1.45M,
3/8/2020,"30,606.10","31,568.90","30,606.10","31,568.90",1.92M,
31/07/2020,"30,262.20","31,087.50","30,262.20","30,606.10",1.53M,
30/07/2020,"30,674.80","31,053.10","30,674.80","31,053.10",844.89K,
29/07/2020,"30,537.30","30,881.20","30,124.60","30,640.40",2.14M,
28/07/2020,"30,537.30","31,500.20","30,365.30","31,431.40",2.70M,
27/07/2020,"31,309.80","31,936.00","30,335.70","30,405.30",4.52M,
24/07/2020,"32,979.70","33,084.00","31,588.10","31,936.00",4.38M,
23/07/2020,"32,979.70","33,223.20","32,770.90","33,223.20",1.27M,
22/07/2020,"33,397.10","33,397.10","32,910.10","32,979.70",1.13M,
21/07/2020,"33,049.30","33,362.40","32,875.30","33,258.00",1.30M,
20/07/2020,"33,466.70","33,536.30","32,944.90","32,979.70",2.83M,
17/07/2020,"33,745.00","33,745.00","33,466.70","33,466.70",1.81M,
16/07/2020,"33,779.80","33,919.00","33,675.50","33,814.60",1.46M,
15/07/2020,"33,884.20","34,058.10","33,675.50","33,814.60",2.09M,
14/07/2020,"33,605.90","33,988.60","33,605.90","33,779.80",2.14M,
13/07/2020,"33,397.10","34,058.10","33,223.20","33,849.40",3.67M,
10/7/2020,"33,466.70","33,571.10","33,049.30","33,258.00",1.61M,
9/7/2020,"33,327.60","33,675.50","33,258.00","33,640.70",3.17M,
8/7/2020,"32,910.10","33,327.60","32,910.10","33,188.40",2.03M,
7/7/2020,"32,701.40","33,327.60","32,701.40","33,014.50",3.78M,
6/7/2020,"32,353.50","32,666.60","32,214.30","32,562.20",1.50M,
3/7/2020,"32,353.50","32,353.50","32,075.20","32,179.50",731.07K,
2/7/2020,"32,214.30","32,214.30","31,970.80","32,110.00",744.04K,
1/7/2020,"32,005.60","32,214.30","31,866.40","32,144.80",1.20M,
30/06/2020,"32,110.00","32,283.90","31,588.10","31,762.10",2.20M,
29/06/2020,"32,423.10","32,423.10","31,901.20","32,040.40",1.77M,
26/06/2020,"32,562.20","32,805.70","32,492.60","32,597.00",831.97K,
25/06/2020,"32,457.90","32,770.90","32,423.10","32,562.20",1.01M,
24/06/2020,"33,327.60","33,362.40","32,736.20","32,840.50",837.66K,
23/06/2020,"32,666.60","33,675.50","32,527.40","33,084.00",2.34M,
22/06/2020,"32,701.40","32,701.40","32,597.00","32,701.40",1.09M,
19/06/2020,"32,423.10","32,701.40","32,423.10","32,701.40",1.03M,
18/06/2020,"32,214.30","32,492.60","32,110.00","32,423.10",1.14M,
17/06/2020,"32,492.60","32,527.40","32,179.50","32,249.10",1.09M,
16/06/2020,"32,423.10","32,562.20","32,214.30","32,423.10",1.52M,
15/06/2020,"33,397.10","33,397.10","31,936.00","32,005.60",1.67M,
12/6/2020,"31,309.80","32,701.40","31,309.80","32,701.40",4.34M,
11/6/2020,"33,953.80","33,953.80","32,005.60","32,005.60",5.90M,
10/6/2020,"34,092.90","34,092.90","33,675.50","33,953.80",1.80M,
9/6/2020,"34,510.40","34,545.20","34,023.30","34,058.10",2.06M,
8/6/2020,"34,092.90","34,788.70","34,092.90","34,336.40",5.68M,
5/6/2020,"33,675.50","33,884.20","33,501.50","33,884.20",1.71M,
4/6/2020,"34,023.30","34,023.30","33,675.50","33,675.50",1.74M,
3/6/2020,"33,397.10","34,058.10","33,327.60","33,849.40",2.61M,
2/6/2020,"33,605.90","33,745.00","33,397.10","33,397.10",2.01M,
1/6/2020,"33,397.10","33,640.70","33,397.10","33,605.90",1.79M,
29/05/2020,"33,397.10","33,466.70","33,049.30","33,362.40",1.86M,
28/05/2020,"33,536.30","33,814.60","33,397.10","33,397.10",1.65M,
27/05/2020,"34,023.30","34,371.20","33,397.10","33,397.10",2.90M,
26/05/2020,"33,745.00","33,953.80","33,640.70","33,953.80",2.23M,
25/05/2020,"33,745.00","33,814.60","33,258.00","33,710.20",2.81M,
22/05/2020,"34,092.90","34,092.90","33,710.20","33,710.20",2.39M,
21/05/2020,"34,023.30","34,301.70","33,988.60","34,301.70",2.77M,
20/05/2020,"34,092.90","34,092.90","33,779.80","34,023.30",1.72M,
19/05/2020,"34,232.10","34,580.00","33,814.60","34,266.90",3.97M,
18/05/2020,"33,049.30","33,640.70","32,979.70","33,640.70",2.76M,
15/05/2020,"33,605.90","34,023.30","33,223.20","33,397.10",3.35M,
14/05/2020,"34,058.10","34,162.50","33,745.00","33,884.20",3.58M,
13/05/2020,"33,049.30","34,475.60","32,979.70","34,336.40",9.46M,
12/5/2020,"32,148.90","32,387.00","31,910.70","32,387.00",4.49M,
11/5/2020,"32,148.90","32,387.00","31,732.10","32,148.90",3.36M,
8/5/2020,"31,910.70","32,803.70","31,910.70","31,970.30",5.69M,
7/5/2020,"31,553.50","31,851.20","31,196.30","31,851.20",3.22M,
6/5/2020,"30,362.80","31,613.10","30,362.80","31,494.00",5.51M,
5/5/2020,"30,243.70","30,362.80","30,005.60","30,303.30",1.08M,
4/5/2020,"29,886.50","30,303.30","29,648.40","30,065.10",1.42M,
29/04/2020,"30,243.70","30,601.00","30,065.10","30,243.70",2.14M,
28/04/2020,"30,184.20","30,243.70","29,886.50","30,184.20",1.55M,
27/04/2020,"30,660.50","30,660.50","30,065.10","30,184.20",2.25M,
24/04/2020,"30,303.30","30,481.90","29,827.00","30,362.80",2.24M,
23/04/2020,"31,017.70","31,077.20","30,362.80","30,362.80",2.16M,
22/04/2020,"29,053.00","30,481.90","28,993.50","30,422.40",3.88M,
21/04/2020,"30,065.10","30,303.30","29,112.60","29,350.70",5.93M,
20/04/2020,"30,898.60","30,958.20","30,184.20","30,541.40",3.55M,
17/04/2020,"30,481.90","30,541.40","29,886.50","30,481.90",4.18M,
16/04/2020,"29,588.90","30,243.70","29,350.70","29,946.10",2.39M,
15/04/2020,"30,065.10","30,243.70","29,678.20","29,827.00",3.50M,
14/04/2020,"28,338.60","29,469.80","27,981.40","29,469.80",6.46M,
13/04/2020,"27,624.20","27,981.40","27,445.60","27,683.70",1.99M,
10/4/2020,"27,743.30","27,981.40","27,326.50","27,624.20",2.99M,
9/4/2020,"27,981.40","28,338.60","27,683.70","27,892.10",3.40M,
8/4/2020,"27,445.60","28,011.20","27,237.20","27,892.10",2.50M,
7/4/2020,"28,279.10","28,398.20","27,683.70","28,160.00",3.91M,
6/4/2020,"27,386.10","28,279.10","27,088.40","28,279.10",4.32M,
3/4/2020,"25,600.00","26,582.30","25,421.40","26,552.60",3.29M,
1/4/2020,"24,290.30","25,719.10","24,290.30","25,183.30",2.31M,
31/03/2020,"24,707.00","25,242.80","23,873.50","24,468.90",2.64M,
30/03/2020,"24,111.60","24,468.90","23,873.50","24,052.10",3.42M,
27/03/2020,"26,433.50","26,433.50","25,540.50","25,659.60",4.18M,
26/03/2020,"27,088.40","27,296.80","26,314.40","26,314.40",3.74M,
25/03/2020,"27,386.10","27,624.20","26,880.00","27,386.10",3.38M,
24/03/2020,"26,790.70","26,790.70","25,897.70","26,493.00",3.48M,
23/03/2020,"27,445.60","27,921.90","26,433.50","26,433.50",4.49M,
20/03/2020,"28,695.80","28,725.60","28,189.80","28,398.20",2.05M,
19/03/2020,"28,338.60","28,636.30","28,338.60","28,398.20",2.06M,
18/03/2020,"29,172.10","29,231.70","28,785.10","28,814.90",2.61M,
17/03/2020,"27,981.40","28,874.40","27,683.70","28,874.40",3.93M,
16/03/2020,"28,666.10","29,588.90","28,279.10","28,338.60",3.01M,
13/03/2020,"26,969.30","29,767.50","26,909.80","28,666.10",4.63M,
12/3/2020,"28,934.00","29,350.70","28,160.00","28,636.30",6.32M,
11/3/2020,"30,958.20","31,255.80","29,469.80","30,243.70",4.37M,
10/3/2020,"30,362.80","30,958.20","29,946.10","30,779.60",3.22M,
9/3/2020,"30,481.90","30,958.20","29,946.10","29,946.10",7.51M,
6/3/2020,"32,267.90","32,327.50","31,851.20","32,148.90",2.07M,
5/3/2020,"33,041.90","33,280.00","32,506.10","32,506.10",2.06M,
4/3/2020,"33,041.90","33,041.90","32,684.70","33,041.90",2.64M,
3/3/2020,"33,458.60","33,934.90","33,161.00","33,280.00",1.89M,
2/3/2020,"32,803.70","33,458.60","32,625.10","33,161.00",2.84M,
28/02/2020,"32,744.20","33,161.00","32,506.10","32,803.70",3.38M,
27/02/2020,"32,744.20","33,637.20","32,506.10","33,339.60",4.65M,
26/02/2020,"31,791.70","32,863.30","31,553.50","32,744.20",5.11M,
25/02/2020,"31,017.70","32,148.90","30,958.20","32,148.90",2.23M,
24/02/2020,"31,613.10","32,089.30","31,255.80","31,255.80",3.59M,
21/02/2020,"33,280.00","33,280.00","32,565.60","32,565.60",2.31M,
20/02/2020,"33,399.10","33,577.70","33,041.90","33,220.50",1.24M,
19/02/2020,"33,280.00","33,458.60","33,041.90","33,161.00",1.08M,
18/02/2020,"32,387.00","33,339.60","32,327.50","33,339.60",2.79M,
17/02/2020,"32,506.10","32,506.10","32,148.90","32,267.90",1.15M,
14/02/2020,"32,208.40","32,446.50","32,148.90","32,446.50",1.40M,
13/02/2020,"32,208.40","32,446.50","31,970.30","32,327.50",1.64M,
12/2/2020,"32,029.80","32,565.60","31,970.30","32,208.40",1.75M,
11/2/2020,"31,494.00","31,970.30","31,374.90","31,910.70",1.72M,
10/2/2020,"31,196.30","31,553.50","31,017.70","31,315.40",1.17M,
7/2/2020,"31,553.50","31,851.20","31,434.40","31,732.10",1.93M,
6/2/2020,"31,255.80","31,910.70","30,839.10","31,910.70",2.71M,
5/2/2020,"31,136.80","31,434.40","30,958.20","30,958.20",2.62M,
4/2/2020,"31,196.30","31,196.30","30,362.80","30,839.10",2.62M,
3/2/2020,"29,529.30","31,255.80","29,172.10","30,660.50",5.72M,
31/01/2020,"32,148.90","32,684.70","30,958.20","30,958.20",6.54M,
30/01/2020,"32,922.80","33,220.50","32,089.30","32,565.60",4.19M,
22/01/2020,"32,744.20","33,637.20","32,565.60","33,637.20",5.02M,
21/01/2020,"34,411.20","34,530.30","33,041.90","33,041.90",6.91M,
20/01/2020,"34,232.60","34,530.30","34,054.00","34,173.10",1.95M,
17/01/2020,"34,530.30","34,589.80","33,934.90","34,292.10",2.20M,
16/01/2020,"33,934.90","34,649.30","33,934.90","34,530.30",3.08M,
15/01/2020,"33,934.90","33,994.40","33,815.80","33,934.90",1.49M,
14/01/2020,"33,994.40","34,173.10","33,934.90","33,934.90",1.15M,
13/01/2020,"34,173.10","34,292.10","33,934.90","33,994.40",1.25M,
10/1/2020,"34,232.60","34,411.20","33,994.40","34,232.60",1.62M,
9/1/2020,"34,113.50","34,351.70","33,994.40","34,292.10",1.53M,
8/1/2020,"34,232.60","34,351.70","33,815.80","33,815.80",2.88M,
7/1/2020,"34,113.50","34,589.80","33,934.90","34,589.80",1.33M,
6/1/2020,"33,994.40","34,292.10","33,815.80","33,934.90",1.73M,
3/1/2020,"35,066.10","35,185.10","34,173.10","34,292.10",3.25M,
2/1/2020,"34,708.90","35,125.60","34,530.30","34,887.50",1.42M,
31/12/2019,"34,887.50","34,947.00","34,530.30","34,708.90",1.09M,
